freq_desc,year,week_ending,agg_level_desc,end_code,reference_period_desc,group_desc,congr_district_code,zip_5,location_desc,begin_code,state_ansi,watershed_code,watershed_desc,asd_desc,CV (%),domain_desc,state_alpha,short_desc,util_practice_desc,state_fips_code,domaincat_desc,sector_desc,county_name,asd_code,Value,country_code,statisticcat_desc,state_name,class_desc,prodn_practice_desc,county_code,load_time,county_ansi,unit_desc,commodity_desc,source_desc,region_desc,country_name
ANNUAL,2020,,COUNTY,00,YEAR,FIELD CROPS,,,"IOWA, NORTHWEST, BUENA VISTA",00,19,00000000,,NORTHWEST,2.9,TOTAL,IA,"CORN, GRAIN - YIELD, MEASURED IN BU / ACRE",GRAIN,19,NOT SPECIFIED,CROPS,BUENA VISTA,10,183.9,9000,YIELD,IOWA,ALL CLASSES,ALL PRODUCTION PRACTICES,021,2024-02-23 15:00:00.000,021,BU / ACRE,CORN,SURVEY,,UNITED STATES
ANNUAL,2020,,COUNTY,00,YEAR,FIELD CROPS,,,"IOWA, NORTHWEST, CHEROKEE",00,19,00000000,,NORTHWEST,2.1,TOTAL,IA,"CORN, GRAIN - YIELD, MEASURED IN BU / ACRE",GRAIN,19,NOT SPECIFIED,CROPS,CHEROKEE,10,185.7,9000,YIELD,IOWA,ALL CLASSES,ALL PRODUCTION PRACTICES,035,2024-02-23 15:00:00.000,035,BU / ACRE,CORN,SURVEY,,UNITED STATES
ANNUAL,2020,,COUNTY,00,YEAR,FIELD CROPS,,,"IOWA, NORTHWEST, CLAY",00,19,00000000,,NORTHWEST,3.4,TOTAL,IA,"CORN, GRAIN - YIELD, MEASURED IN BU / ACRE",GRAIN,19,NOT SPECIFIED,CROPS,CLAY,10,168.1,9000,YIELD,IOWA,ALL CLASSES,ALL PRODUCTION PRACTICES,041,2024-02-23 15:00:00.000,041,BU / ACRE,CORN,SURVEY,,UNITED STATES
ANNUAL,2020,,COUNTY,00,YEAR,FIELD CROPS,,,"IOWA, NORTHWEST, DICKINSON",00,19,00000000,,NORTHWEST,1.4,TOTAL,IA,"CORN, GRAIN - YIELD, MEASURED IN BU / ACRE",GRAIN,19,NOT SPECIFIED,CROPS,DICKINSON,10,182.2,9000,YIELD,IOWA,ALL CLASSES,ALL PRODUCTION PRACTICES,059,2024-02-23 15:00:00.000,059,BU / ACRE,CORN,SURVEY,,UNITED STATES
ANNUAL,2020,,COUNTY,00,YEAR,FIELD CROPS,,,"IOWA, NORTHWEST, EMMET",00,19,00000000,,NORTHWEST,1.6,TOTAL,IA,"CORN, GRAIN - YIELD, MEASURED IN BU / ACRE",GRAIN,19,NOT SPECIFIED,CROPS,EMMET,10,186.1,9000,YIELD,IOWA,ALL CLASSES,ALL PRODUCTION PRACTICES,063,2024-02-23 15:00:00.000,063,BU / ACRE,CORN,SURVEY,,UNITED STATES
ANNUAL,2020,,COUNTY,00,YEAR,FIELD CROPS,,,"IOWA, NORTHWEST, LYON",00,19,00000000,,NORTHWEST,2.9,TOTAL,IA,"CORN, GRAIN - YIELD, MEASURED IN BU / ACRE",GRAIN,19,NOT SPECIFIED,CROPS,LYON,10,197,9000,YIELD,IOWA,ALL CLASSES,ALL PRODUCTION PRACTICES,119,2024-02-23 15:00:00.000,119,BU / ACRE,CORN,SURVEY,,UNITED STATES
ANNUAL,2020,,COUNTY,00,YEAR,FIELD CROPS,,,"IOWA, NORTHWEST, O BRIEN",00,19,00000000,,NORTHWEST,1.6,TOTAL,IA,"CORN, GRAIN - YIELD, MEASURED IN BU / ACRE",GRAIN,19,NOT SPECIFIED,CROPS,O BRIEN,10,199.5,9000,YIELD,IOWA,ALL CLASSES,ALL PRODUCTION PRACTICES,141,2024-02-23 15:00:00.000,141,BU / ACRE,CORN,SURVEY,,UNITED STATES
ANNUAL,2020,,COUNTY,00,YEAR,FIELD CROPS,,,"IOWA, NORTHWEST, OSCEOLA",00,19,00000000,,NORTHWEST,0.8,TOTAL,IA,"CORN, GRAIN - YIELD, MEASURED IN BU / ACRE",GRAIN,19,NOT SPECIFIED,CROPS,OSCEOLA,10,185.3,9000,YIELD,IOWA,ALL CLASSES,ALL PRODUCTION PRACTICES,143,2024-02-23 15:00:00.000,143,BU / ACRE,CORN,SURVEY,,UNITED STATES
ANNUAL,2020,,COUNTY,00,YEAR,FIELD CROPS,,,"IOWA, NORTHWEST, PALO ALTO",00,19,00000000,,NORTHWEST,2.0,TOTAL,IA,"CORN, GRAIN - YIELD, MEASURED IN BU / ACRE",GRAIN,19,NOT SPECIFIED,CROPS,PALO ALTO,10,181.1,9000,YIELD,IOWA,ALL CLASSES,ALL PRODUCTION PRACTICES,147,2024-02-23 15:00:00.000,147,BU / ACRE,CORN,SURVEY,,UNITED STATES
ANNUAL,2020,,COUNTY,00,YEAR,FIELD CROPS,,,"IOWA, NORTHWEST, POCAHONTAS",00,19,00000000,,NORTHWEST,1.4,TOTAL,IA,"CORN, GRAIN - YIELD, MEASURED IN BU / ACRE",GRAIN,19,NOT SPECIFIED,CROPS,POCAHONTAS,10,186.2,9000,YIELD,IOWA,ALL CLASSES,ALL PRODUCTION PRACTICES,151,2024-02-23 15:00:00.000,151,BU / ACRE,CORN,SURVEY,,UNITED STATES
ANNUAL,2020,,COUNTY,00,YEAR,FIELD CROPS,,,"IOWA, NORTHWEST, SIOUX",00,19,00000000,,NORTHWEST,2.7,TOTAL,IA,"CORN, GRAIN - YIELD, MEASURED IN BU / ACRE",GRAIN,19,NOT SPECIFIED,CROPS,SIOUX,10,201.8,9000,YIELD,IOWA,ALL CLASSES,ALL PRODUCTION PRACTICES,167,2024-02-23 15:00:00.000,167,BU / ACRE,CORN,SURVEY,,UNITED STATES
ANNUAL,2020,,COUNTY,00,YEAR,FIELD CROPS,,,"IOWA, NORTH CENTRAL, BUTLER",00,19,00000000,,NORTH CENTRAL,2.9,TOTAL,IA,"CORN, GRAIN - YIELD, MEASURED IN BU / ACRE",GRAIN,19,NOT SPECIFIED,CROPS,BUTLER,20,192.8,9000,YIELD,IOWA,ALL CLASSES,ALL PRODUCTION PRACTICES,023,2024-02-23 15:00:00.000,023,BU / ACRE,CORN,SURVEY,,UNITED STATES
ANNUAL,2020,,COUNTY,00,YEAR,FIELD CROPS,,,"IOWA, NORTH CENTRAL, CERRO GORDO",00,19,00000000,,NORTH CENTRAL,2.7,TOTAL,IA,"CORN, GRAIN - YIELD, MEASURED IN BU / ACRE",GRAIN,19,NOT SPECIFIED,CROPS,CERRO GORDO,20,182.5,9000,YIELD,IOWA,ALL CLASSES,ALL PRODUCTION PRACTICES,033,2024-02-23 15:00:00.000,033,BU / ACRE,CORN,SURVEY,,UNITED STATES
ANNUAL,2020,,COUNTY,00,YEAR,FIELD CROPS,,,"IOWA, NORTH CENTRAL, FLOYD",00,19,00000000,,NORTH CENTRAL,1.8,TOTAL,IA,"CORN, GRAIN - YIELD, MEASURED IN BU / ACRE",GRAIN,19,NOT SPECIFIED,CROPS,FLOYD,20,187.4,9000,YIELD,IOWA,ALL CLASSES,ALL PRODUCTION PRACTICES,067,2024-02-23 15:00:00.000,067,BU / ACRE,CORN,SURVEY,,UNITED STATES
ANNUAL,2020,,COUNTY,00,YEAR,FIELD CROPS,,,"IOWA, NORTH CENTRAL, FRANKLIN",00,19,00000000,,NORTH CENTRAL,1.7,TOTAL,IA,"CORN, GRAIN - YIELD, MEASURED IN BU / ACRE",GRAIN,19,NOT SPECIFIED,CROPS,FRANKLIN,20,180.1,9000,YIELD,IOWA,ALL CLASSES,ALL PRODUCTION PRACTICES,069,2024-02-23 15:00:00.000,069,BU / ACRE,CORN,SURVEY,,UNITED STATES
ANNUAL,2020,,COUNTY,00,YEAR,FIELD CROPS,,,"IOWA, NORTH CENTRAL, HANCOCK",00,19,00000000,,NORTH CENTRAL,1.3,TOTAL,IA,"CORN, GRAIN - YIELD, MEASURED IN BU / ACRE",GRAIN,19,NOT SPECIFIED,CROPS,HANCOCK,20,200,9000,YIELD,IOWA,ALL CLASSES,ALL PRODUCTION PRACTICES,081,2024-02-23 15:00:00.000,081,BU / ACRE,CORN,SURVEY,,UNITED STATES
ANNUAL,2020,,COUNTY,00,YEAR,FIELD CROPS,,,"IOWA, NORTH CENTRAL, HUMBOLDT",00,19,00000000,,NORTH CENTRAL,2.8,TOTAL,IA,"CORN, GRAIN - YIELD, MEASURED IN BU / ACRE",GRAIN,19,NOT SPECIFIED,CROPS,HUMBOLDT,20,188.4,9000,YIELD,IOWA,ALL CLASSES,ALL PRODUCTION PRACTICES,091,2024-02-23 15:00:00.000,091,BU / ACRE,CORN,SURVEY,,UNITED STATES
ANNUAL,2020,,COUNTY,00,YEAR,FIELD CROPS,,,"IOWA, NORTH CENTRAL, KOSSUTH",00,19,00000000,,NORTH CENTRAL,1.7,TOTAL,IA,"CORN, GRAIN - YIELD, MEASURED IN BU / ACRE",GRAIN,19,NOT SPECIFIED,CROPS,KOSSUTH,20,190.7,9000,YIELD,IOWA,ALL CLASSES,ALL PRODUCTION PRACTICES,109,2024-02-23 15:00:00.000,109,BU / ACRE,CORN,SURVEY,,UNITED STATES
ANNUAL,2020,,COUNTY,00,YEAR,FIELD CROPS,,,"IOWA, NORTH CENTRAL, MITCHELL",00,19,00000000,,NORTH CENTRAL,1.8,TOTAL,IA,"CORN, GRAIN - YIELD, MEASURED IN BU / ACRE",GRAIN,19,NOT SPECIFIED,CROPS,MITCHELL,20,203.3,9000,YIELD,IOWA,ALL CLASSES,ALL PRODUCTION PRACTICES,131,2024-02-23 15:00:00.000,131,BU / ACRE,CORN,SURVEY,,UNITED STATES
ANNUAL,2020,,COUNTY,00,YEAR,FIELD CROPS,,,"IOWA, NORTH CENTRAL, WINNEBAGO",00,19,00000000,,NORTH CENTRAL,1.3,TOTAL,IA,"CORN, GRAIN - YIELD, MEASURED IN BU / ACRE",GRAIN,19,NOT SPECIFIED,CROPS,WINNEBAGO,20,207.1,9000,YIELD,IOWA,ALL CLASSES,ALL PRODUCTION PRACTICES,189,2024-02-23 15:00:00.000,189,BU / ACRE,CORN,SURVEY,,UNITED STATES
ANNUAL,2020,,COUNTY,00,YEAR,FIELD CROPS,,,"IOWA, NORTH CENTRAL, WORTH",00,19,00000000,,NORTH CENTRAL,2.4,TOTAL,IA,"CORN, GRAIN - YIELD, MEASURED IN BU / ACRE",GRAIN,19,NOT SPECIFIED,CROPS,WORTH,20,205.7,9000,YIELD,IOWA,ALL CLASSES,ALL PRODUCTION PRACTICES,195,2024-02-23 15:00:00.000,195,BU / ACRE,CORN,SURVEY,,UNITED STATES
ANNUAL,2020,,COUNTY,00,YEAR,FIELD CROPS,,,"IOWA, NORTH CENTRAL, WRIGHT",00,19,00000000,,NORTH CENTRAL,1.7,TOTAL,IA,"CORN, GRAIN - YIELD, MEASURED IN BU / ACRE",GRAIN,19,NOT SPECIFIED,CROPS,WRIGHT,20,186,9000,YIELD,IOWA,ALL CLASSES,ALL PRODUCTION PRACTICES,197,2024-02-23 15:00:00.000,197,BU / ACRE,CORN,SURVEY,,UNITED STATES
ANNUAL,2020,,COUNTY,00,YEAR,FIELD CROPS,,,"IOWA, NORTHEAST, ALLAMAKEE",00,19,00000000,,NORTHEAST,3.3,TOTAL,IA,"CORN, GRAIN - YIELD, MEASURED IN BU / ACRE",GRAIN,19,NOT SPECIFIED,CROPS,ALLAMAKEE,30,196.3,9000,YIELD,IOWA,ALL CLASSES,ALL PRODUCTION PRACTICES,005,2024-02-23 15:00:00.000,005,BU / ACRE,CORN,SURVEY,,UNITED STATES
ANNUAL,2020,,COUNTY,00,YEAR,FIELD CROPS,,,"IOWA, NORTHEAST, BLACK HAWK",00,19,00000000,,NORTHEAST,2.3,TOTAL,IA,"CORN, GRAIN - YIELD, MEASURED IN BU / ACRE",GRAIN,19,NOT SPECIFIED,CROPS,BLACK HAWK,30,169.8,9000,YIELD,IOWA,ALL CLASSES,ALL PRODUCTION PRACTICES,013,2024-02-23 15:00:00.000,013,BU / ACRE,CORN,SURVEY,,UNITED STATES
ANNUAL,2020,,COUNTY,00,YEAR,FIELD CROPS,,,"IOWA, NORTHEAST, BREMER",00,19,00000000,,NORTHEAST,1.2,TOTAL,IA,"CORN, GRAIN - YIELD, MEASURED IN BU / ACRE",GRAIN,19,NOT SPECIFIED,CROPS,BREMER,30,187.6,9000,YIELD,IOWA,ALL CLASSES,ALL PRODUCTION PRACTICES,017,2024-02-23 15:00:00.000,017,BU / ACRE,CORN,SURVEY,,UNITED STATES
ANNUAL,2020,,COUNTY,00,YEAR,FIELD CROPS,,,"IOWA, NORTHEAST, BUCHANAN",00,19,00000000,,NORTHEAST,1.0,TOTAL,IA,"CORN, GRAIN - YIELD, MEASURED IN BU / ACRE",GRAIN,19,NOT SPECIFIED,CROPS,BUCHANAN,30,188.3,9000,YIELD,IOWA,ALL CLASSES,ALL PRODUCTION PRACTICES,019,2024-02-23 15:00:00.000,019,BU / ACRE,CORN,SURVEY,,UNITED STATES
ANNUAL,2020,,COUNTY,00,YEAR,FIELD CROPS,,,"IOWA, NORTHEAST, CHICKASAW",00,19,00000000,,NORTHEAST,1.9,TOTAL,IA,"CORN, GRAIN - YIELD, MEASURED IN BU / ACRE",GRAIN,19,NOT SPECIFIED,CROPS,CHICKASAW,30,185.7,9000,YIELD,IOWA,ALL CLASSES,ALL PRODUCTION PRACTICES,037,2024-02-23 15:00:00.000,037,BU / ACRE,CORN,SURVEY,,UNITED STATES
ANNUAL,2020,,COUNTY,00,YEAR,FIELD CROPS,,,"IOWA, NORTHEAST, CLAYTON",00,19,00000000,,NORTHEAST,3.6,TOTAL,IA,"CORN, GRAIN - YIELD, MEASURED IN BU / ACRE",GRAIN,19,NOT SPECIFIED,CROPS,CLAYTON,30,191.1,9000,YIELD,IOWA,ALL CLASSES,ALL PRODUCTION PRACTICES,043,2024-02-23 15:00:00.000,043,BU / ACRE,CORN,SURVEY,,UNITED STATES
ANNUAL,2020,,COUNTY,00,YEAR,FIELD CROPS,,,"IOWA, NORTHEAST, DELAWARE",00,19,00000000,,NORTHEAST,2.2,TOTAL,IA,"CORN, GRAIN - YIELD, MEASURED IN BU / ACRE",GRAIN,19,NOT SPECIFIED,CROPS,DELAWARE,30,190.4,9000,YIELD,IOWA,ALL CLASSES,ALL PRODUCTION PRACTICES,055,2024-02-23 15:00:00.000,055,BU / ACRE,CORN,SURVEY,,UNITED STATES
ANNUAL,2020,,COUNTY,00,YEAR,FIELD CROPS,,,"IOWA, NORTHEAST, DUBUQUE",00,19,00000000,,NORTHEAST,3.0,TOTAL,IA,"CORN, GRAIN - YIELD, MEASURED IN BU / ACRE",GRAIN,19,NOT SPECIFIED,CROPS,DUBUQUE,30,197.1,9000,YIELD,IOWA,ALL CLASSES,ALL PRODUCTION PRACTICES,061,2024-02-23 15:00:00.000,061,BU / ACRE,CORN,SURVEY,,UNITED STATES
ANNUAL,2020,,COUNTY,00,YEAR,FIELD CROPS,,,"IOWA, NORTHEAST, FAYETTE",00,19,00000000,,NORTHEAST,1.1,TOTAL,IA,"CORN, GRAIN - YIELD, MEASURED IN BU / ACRE",GRAIN,19,NOT SPECIFIED,CROPS,FAYETTE,30,180.1,9000,YIELD,IOWA,ALL CLASSES,ALL PRODUCTION PRACTICES,065,2024-02-23 15:00:00.000,065,BU / ACRE,CORN,SURVEY,,UNITED STATES
ANNUAL,2020,,COUNTY,00,YEAR,FIELD CROPS,,,"IOWA, NORTHEAST, HOWARD",00,19,00000000,,NORTHEAST,1.4,TOTAL,IA,"CORN, GRAIN - YIELD, MEASURED IN BU / ACRE",GRAIN,19,NOT SPECIFIED,CROPS,HOWARD,30,188.6,9000,YIELD,IOWA,ALL CLASSES,ALL PRODUCTION PRACTICES,089,2024-02-23 15:00:00.000,089,BU / ACRE,CORN,SURVEY,,UNITED STATES
ANNUAL,2020,,COUNTY,00,YEAR,FIELD CROPS,,,"IOWA, NORTHEAST, WINNESHIEK",00,19,00000000,,NORTHEAST,1.2,TOTAL,IA,"CORN, GRAIN - YIELD, MEASURED IN BU / ACRE",GRAIN,19,NOT SPECIFIED,CROPS,WINNESHIEK,30,178.2,9000,YIELD,IOWA,ALL CLASSES,ALL PRODUCTION PRACTICES,191,2024-02-23 15:00:00.000,191,BU / ACRE,CORN,SURVEY,,UNITED STATES
ANNUAL,2020,,COUNTY,00,YEAR,FIELD CROPS,,,"IOWA, WEST CENTRAL, AUDUBON",00,19,00000000,,WEST CENTRAL,2.5,TOTAL,IA,"CORN, GRAIN - YIELD, MEASURED IN BU / ACRE",GRAIN,19,NOT SPECIFIED,CROPS,AUDUBON,40,170.8,9000,YIELD,IOWA,ALL CLASSES,ALL PRODUCTION PRACTICES,009,2024-02-23 15:00:00.000,009,BU / ACRE,CORN,SURVEY,,UNITED STATES
ANNUAL,2020,,COUNTY,00,YEAR,FIELD CROPS,,,"IOWA, WEST CENTRAL, CALHOUN",00,19,00000000,,WEST CENTRAL,2.7,TOTAL,IA,"CORN, GRAIN - YIELD, MEASURED IN BU / ACRE",GRAIN,19,NOT SPECIFIED,CROPS,CALHOUN,40,159.6,9000,YIELD,IOWA,ALL CLASSES,ALL PRODUCTION PRACTICES,025,2024-02-23 15:00:00.000,025,BU / ACRE,CORN,SURVEY,,UNITED STATES
ANNUAL,2020,,COUNTY,00,YEAR,FIELD CROPS,,,"IOWA, WEST CENTRAL, CARROLL",00,19,00000000,,WEST CENTRAL,1.0,TOTAL,IA,"CORN, GRAIN - YIELD, MEASURED IN BU / ACRE",GRAIN,19,NOT SPECIFIED,CROPS,CARROLL,40,150.6,9000,YIELD,IOWA,ALL CLASSES,ALL PRODUCTION PRACTICES,027,2024-02-23 15:00:00.000,027,BU / ACRE,CORN,SURVEY,,UNITED STATES
ANNUAL,2020,,COUNTY,00,YEAR,FIELD CROPS,,,"IOWA, WEST CENTRAL, CRAWFORD",00,19,00000000,,WEST CENTRAL,1.9,TOTAL,IA,"CORN, GRAIN - YIELD, MEASURED IN BU / ACRE",GRAIN,19,NOT SPECIFIED,CROPS,CRAWFORD,40,181.2,9000,YIELD,IOWA,ALL CLASSES,ALL PRODUCTION PRACTICES,047,2024-02-23 15:00:00.000,047,BU / ACRE,CORN,SURVEY,,UNITED STATES
ANNUAL,2020,,COUNTY,00,YEAR,FIELD CROPS,,,"IOWA, WEST CENTRAL, GREENE",00,19,00000000,,WEST CENTRAL,4.1,TOTAL,IA,"CORN, GRAIN - YIELD, MEASURED IN BU / ACRE",GRAIN,19,NOT SPECIFIED,CROPS,GREENE,40,153.8,9000,YIELD,IOWA,ALL CLASSES,ALL PRODUCTION PRACTICES,073,2024-02-23 15:00:00.000,073,BU / ACRE,CORN,SURVEY,,UNITED STATES
ANNUAL,2020,,COUNTY,00,YEAR,FIELD CROPS,,,"IOWA, WEST CENTRAL, GUTHRIE",00,19,00000000,,WEST CENTRAL,5.7,TOTAL,IA,"CORN, GRAIN - YIELD, MEASURED IN BU / ACRE",GRAIN,19,NOT SPECIFIED,CROPS,GUTHRIE,40,151.3,9000,YIELD,IOWA,ALL CLASSES,ALL PRODUCTION PRACTICES,077,2024-02-23 15:00:00.000,077,BU / ACRE,CORN,SURVEY,,UNITED STATES
ANNUAL,2020,,COUNTY,00,YEAR,FIELD CROPS,,,"IOWA, WEST CENTRAL, HARRISON",00,19,00000000,,WEST CENTRAL,1.7,TOTAL,IA,"CORN, GRAIN - YIELD, MEASURED IN BU / ACRE",GRAIN,19,NOT SPECIFIED,CROPS,HARRISON,40,180.2,9000,YIELD,IOWA,ALL CLASSES,ALL PRODUCTION PRACTICES,085,2024-02-23 15:00:00.000,085,BU / ACRE,CORN,SURVEY,,UNITED STATES
ANNUAL,2020,,COUNTY,00,YEAR,FIELD CROPS,,,"IOWA, WEST CENTRAL, IDA",00,19,00000000,,WEST CENTRAL,1.7,TOTAL,IA,"CORN, GRAIN - YIELD, MEASURED IN BU / ACRE",GRAIN,19,NOT SPECIFIED,CROPS,IDA,40,188.2,9000,YIELD,IOWA,ALL CLASSES,ALL PRODUCTION PRACTICES,093,2024-02-23 15:00:00.000,093,BU / ACRE,CORN,SURVEY,,UNITED STATES
ANNUAL,2020,,COUNTY,00,YEAR,FIELD CROPS,,,"IOWA, WEST CENTRAL, MONONA",00,19,00000000,,WEST CENTRAL,4.4,TOTAL,IA,"CORN, GRAIN - YIELD, MEASURED IN BU / ACRE",GRAIN,19,NOT SPECIFIED,CROPS,MONONA,40,178.4,9000,YIELD,IOWA,ALL CLASSES,ALL PRODUCTION PRACTICES,133,2024-02-23 15:00:00.000,133,BU / ACRE,CORN,SURVEY,,UNITED STATES
ANNUAL,2020,,COUNTY,00,YEAR,FIELD CROPS,,,"IOWA, WEST CENTRAL, SAC",00,19,00000000,,WEST CENTRAL,3.8,TOTAL,IA,"CORN, GRAIN - YIELD, MEASURED IN BU / ACRE",GRAIN,19,NOT SPECIFIED,CROPS,SAC,40,161,9000,YIELD,IOWA,ALL CLASSES,ALL PRODUCTION PRACTICES,161,2024-02-23 15:00:00.000,161,BU / ACRE,CORN,SURVEY,,UNITED STATES
ANNUAL,2020,,COUNTY,00,YEAR,FIELD CROPS,,,"IOWA, WEST CENTRAL, SHELBY",00,19,00000000,,WEST CENTRAL,2.7,TOTAL,IA,"CORN, GRAIN - YIELD, MEASURED IN BU / ACRE",GRAIN,19,NOT SPECIFIED,CROPS,SHELBY,40,190.5,9000,YIELD,IOWA,ALL CLASSES,ALL PRODUCTION PRACTICES,165,2024-02-23 15:00:00.000,165,BU / ACRE,CORN,SURVEY,,UNITED STATES
ANNUAL,2020,,COUNTY,00,YEAR,FIELD CROPS,,,"IOWA, WEST CENTRAL, WOODBURY",00,19,00000000,,WEST CENTRAL,2.1,TOTAL,IA,"CORN, GRAIN - YIELD, MEASURED IN BU / ACRE",GRAIN,19,NOT SPECIFIED,CROPS,WOODBURY,40,191,9000,YIELD,IOWA,ALL CLASSES,ALL PRODUCTION PRACTICES,193,2024-02-23 15:00:00.000,193,BU / ACRE,CORN,SURVEY,,UNITED STATES
ANNUAL,2020,,COUNTY,00,YEAR,FIELD CROPS,,,"IOWA, CENTRAL, BOONE",00,19,00000000,,CENTRAL,3.5,TOTAL,IA,"CORN, GRAIN - YIELD, MEASURED IN BU / ACRE",GRAIN,19,NOT SPECIFIED,CROPS,BOONE,50,160.7,9000,YIELD,IOWA,ALL CLASSES,ALL PRODUCTION PRACTICES,015,2024-02-23 15:00:00.000,015,BU / ACRE,CORN,SURVEY,,UNITED STATES
ANNUAL,2020,,COUNTY,00,YEAR,FIELD CROPS,,,"IOWA, CENTRAL, DALLAS",00,19,00000000,,CENTRAL,4.6,TOTAL,IA,"CORN, GRAIN - YIELD, MEASURED IN BU / ACRE",GRAIN,19,NOT SPECIFIED,CROPS,DALLAS,50,139.7,9000,YIELD,IOWA,ALL CLASSES,ALL PRODUCTION PRACTICES,049,2024-02-23 15:00:00.000,049,BU / ACRE,CORN,SURVEY,,UNITED STATES
ANNUAL,2020,,COUNTY,00,YEAR,FIELD CROPS,,,"IOWA, CENTRAL, GRUNDY",00,19,00000000,,CENTRAL,2.8,TOTAL,IA,"CORN, GRAIN - YIELD, MEASURED IN BU / ACRE",GRAIN,19,NOT SPECIFIED,CROPS,GRUNDY,50,182.7,9000,YIELD,IOWA,ALL CLASSES,ALL PRODUCTION PRACTICES,075,2024-02-23 15:00:00.000,075,BU / ACRE,CORN,SURVEY,,UNITED STATES
ANNUAL,2020,,COUNTY,00,YEAR,FIELD CROPS,,,"IOWA, CENTRAL, HAMILTON",00,19,00000000,,CENTRAL,3.8,TOTAL,IA,"CORN, GRAIN - YIELD, MEASURED IN BU / ACRE",GRAIN,19,NOT SPECIFIED,CROPS,HAMILTON,50,166.2,9000,YIELD,IOWA,ALL CLASSES,ALL PRODUCTION PRACTICES,079,2024-02-23 15:00:00.000,079,BU / ACRE,CORN,SURVEY,,UNITED STATES
ANNUAL,2020,,COUNTY,00,YEAR,FIELD CROPS,,,"IOWA, CENTRAL, HARDIN",00,19,00000000,,CENTRAL,4.4,TOTAL,IA,"CORN, GRAIN - YIELD, MEASURED IN BU / ACRE",GRAIN,19,NOT SPECIFIED,CROPS,HARDIN,50,155.7,9000,YIELD,IOWA,ALL CLASSES,ALL PRODUCTION PRACTICES,083,2024-02-23 15:00:00.000,083,BU / ACRE,CORN,SURVEY,,UNITED STATES
ANNUAL,2020,,COUNTY,00,YEAR,FIELD CROPS,,,"IOWA, CENTRAL, POLK",00,19,00000000,,CENTRAL,3.7,TOTAL,IA,"CORN, GRAIN - YIELD, MEASURED IN BU / ACRE",GRAIN,19,NOT SPECIFIED,CROPS,POLK,50,150.2,9000,YIELD,IOWA,ALL CLASSES,ALL PRODUCTION PRACTICES,153,2024-02-23 15:00:00.000,153,BU / ACRE,CORN,SURVEY,,UNITED STATES
ANNUAL,2020,,COUNTY,00,YEAR,FIELD CROPS,,,"IOWA, CENTRAL, POWESHIEK",00,19,00000000,,CENTRAL,4.6,TOTAL,IA,"CORN, GRAIN - YIELD, MEASURED IN BU / ACRE",GRAIN,19,NOT SPECIFIED,CROPS,POWESHIEK,50,138.2,9000,YIELD,IOWA,ALL CLASSES,ALL PRODUCTION PRACTICES,157,2024-02-23 15:00:00.000,157,BU / ACRE,CORN,SURVEY,,UNITED STATES
ANNUAL,2020,,COUNTY,00,YEAR,FIELD CROPS,,,"IOWA, CENTRAL, STORY",00,19,00000000,,CENTRAL,2.6,TOTAL,IA,"CORN, GRAIN - YIELD, MEASURED IN BU / ACRE",GRAIN,19,NOT SPECIFIED,CROPS,STORY,50,148.4,9000,YIELD,IOWA,ALL CLASSES,ALL PRODUCTION PRACTICES,169,2024-02-23 15:00:00.000,169,BU / ACRE,CORN,SURVEY,,UNITED STATES
ANNUAL,2020,,COUNTY,00,YEAR,FIELD CROPS,,,"IOWA, CENTRAL, TAMA",00,19,00000000,,CENTRAL,4.9,TOTAL,IA,"CORN, GRAIN - YIELD, MEASURED IN BU / ACRE",GRAIN,19,NOT SPECIFIED,CROPS,TAMA,50,132.7,9000,YIELD,IOWA,ALL CLASSES,ALL PRODUCTION PRACTICES,171,2024-02-23 15:00:00.000,171,BU / ACRE,CORN,SURVEY,,UNITED STATES
ANNUAL,2020,,COUNTY,00,YEAR,FIELD CROPS,,,"IOWA, CENTRAL, WEBSTER",00,19,00000000,,CENTRAL,2.5,TOTAL,IA,"CORN, GRAIN - YIELD, MEASURED IN BU / ACRE",GRAIN,19,NOT SPECIFIED,CROPS,WEBSTER,50,173.1,9000,YIELD,IOWA,ALL CLASSES,ALL PRODUCTION PRACTICES,187,2024-02-23 15:00:00.000,187,BU / ACRE,CORN,SURVEY,,UNITED STATES
ANNUAL,2020,,COUNTY,00,YEAR,FIELD CROPS,,,"IOWA, EAST CENTRAL, BENTON",00,19,00000000,,EAST CENTRAL,5.9,TOTAL,IA,"CORN, GRAIN - YIELD, MEASURED IN BU / ACRE",GRAIN,19,NOT SPECIFIED,CROPS,BENTON,60,144.8,9000,YIELD,IOWA,ALL CLASSES,ALL PRODUCTION PRACTICES,011,2024-02-23 15:00:00.000,011,BU / ACRE,CORN,SURVEY,,UNITED STATES
ANNUAL,2020,,COUNTY,00,YEAR,FIELD CROPS,,,"IOWA, EAST CENTRAL, CEDAR",00,19,00000000,,EAST CENTRAL,2.3,TOTAL,IA,"CORN, GRAIN - YIELD, MEASURED IN BU / ACRE",GRAIN,19,NOT SPECIFIED,CROPS,CEDAR,60,153.3,9000,YIELD,IOWA,ALL CLASSES,ALL PRODUCTION PRACTICES,031,2024-02-23 15:00:00.000,031,BU / ACRE,CORN,SURVEY,,UNITED STATES
ANNUAL,2020,,COUNTY,00,YEAR,FIELD CROPS,,,"IOWA, EAST CENTRAL, CLINTON",00,19,00000000,,EAST CENTRAL,2.9,TOTAL,IA,"CORN, GRAIN - YIELD, MEASURED IN BU / ACRE",GRAIN,19,NOT SPECIFIED,CROPS,CLINTON,60,178.4,9000,YIELD,IOWA,ALL CLASSES,ALL PRODUCTION PRACTICES,045,2024-02-23 15:00:00.000,045,BU / ACRE,CORN,SURVEY,,UNITED STATES
ANNUAL,2020,,COUNTY,00,YEAR,FIELD CROPS,,,"IOWA, EAST CENTRAL, IOWA",00,19,00000000,,EAST CENTRAL,5.3,TOTAL,IA,"CORN, GRAIN - YIELD, MEASURED IN BU / ACRE",GRAIN,19,NOT SPECIFIED,CROPS,IOWA,60,151.1,9000,YIELD,IOWA,ALL CLASSES,ALL PRODUCTION PRACTICES,095,2024-02-23 15:00:00.000,095,BU / ACRE,CORN,SURVEY,,UNITED STATES
ANNUAL,2020,,COUNTY,00,YEAR,FIELD CROPS,,,"IOWA, EAST CENTRAL, JACKSON",00,19,00000000,,EAST CENTRAL,2.5,TOTAL,IA,"CORN, GRAIN - YIELD, MEASURED IN BU / ACRE",GRAIN,19,NOT SPECIFIED,CROPS,JACKSON,60,185.6,9000,YIELD,IOWA,ALL CLASSES,ALL PRODUCTION PRACTICES,097,2024-02-23 15:00:00.000,097,BU / ACRE,CORN,SURVEY,,UNITED STATES
ANNUAL,2020,,COUNTY,00,YEAR,FIELD CROPS,,,"IOWA, EAST CENTRAL, JOHNSON",00,19,00000000,,EAST CENTRAL,4.3,TOTAL,IA,"CORN, GRAIN - YIELD, MEASURED IN BU / ACRE",GRAIN,19,NOT SPECIFIED,CROPS,JOHNSON,60,161.8,9000,YIELD,IOWA,ALL CLASSES,ALL PRODUCTION PRACTICES,103,2024-02-23 15:00:00.000,103,BU / ACRE,CORN,SURVEY,,UNITED STATES
ANNUAL,2020,,COUNTY,00,YEAR,FIELD CROPS,,,"IOWA, EAST CENTRAL, JONES",00,19,00000000,,EAST CENTRAL,1.8,TOTAL,IA,"CORN, GRAIN - YIELD, MEASURED IN BU / ACRE",GRAIN,19,NOT SPECIFIED,CROPS,JONES,60,171.6,9000,YIELD,IOWA,ALL CLASSES,ALL PRODUCTION PRACTICES,105,2024-02-23 15:00:00.000,105,BU / ACRE,CORN,SURVEY,,UNITED STATES
ANNUAL,2020,,COUNTY,00,YEAR,FIELD CROPS,,,"IOWA, EAST CENTRAL, LINN",00,19,00000000,,EAST CENTRAL,3.9,TOTAL,IA,"CORN, GRAIN - YIELD, MEASURED IN BU / ACRE",GRAIN,19,NOT SPECIFIED,CROPS,LINN,60,164.9,9000,YIELD,IOWA,ALL CLASSES,ALL PRODUCTION PRACTICES,113,2024-02-23 15:00:00.000,113,BU / ACRE,CORN,SURVEY,,UNITED STATES
ANNUAL,2020,,COUNTY,00,YEAR,FIELD CROPS,,,"IOWA, EAST CENTRAL, MUSCATINE",00,19,00000000,,EAST CENTRAL,3.8,TOTAL,IA,"CORN, GRAIN - YIELD, MEASURED IN BU / ACRE",GRAIN,19,NOT SPECIFIED,CROPS,MUSCATINE,60,172.8,9000,YIELD,IOWA,ALL CLASSES,ALL PRODUCTION PRACTICES,139,2024-02-23 15:00:00.000,139,BU / ACRE,CORN,SURVEY,,UNITED STATES
ANNUAL,2020,,COUNTY,00,YEAR,FIELD CROPS,,,"IOWA, EAST CENTRAL, SCOTT",00,19,00000000,,EAST CENTRAL,1.6,TOTAL,IA,"CORN, GRAIN - YIELD, MEASURED IN BU / ACRE",GRAIN,19,NOT SPECIFIED,CROPS,SCOTT,60,181.3,9000,YIELD,IOWA,ALL CLASSES,ALL PRODUCTION PRACTICES,163,2024-02-23 15:00:00.000,163,BU / ACRE,CORN,SURVEY,,UNITED STATES
ANNUAL,2020,,COUNTY,00,YEAR,FIELD CROPS,,,"IOWA, SOUTHWEST, ADAIR",00,19,00000000,,SOUTHWEST,3.7,TOTAL,IA,"CORN, GRAIN - YIELD, MEASURED IN BU / ACRE",GRAIN,19,NOT SPECIFIED,CROPS,ADAIR,70,168.7,9000,YIELD,IOWA,ALL CLASSES,ALL PRODUCTION PRACTICES,001,2024-02-23 15:00:00.000,001,BU / ACRE,CORN,SURVEY,,UNITED STATES
ANNUAL,2020,,COUNTY,00,YEAR,FIELD CROPS,,,"IOWA, SOUTHWEST, ADAMS",00,19,00000000,,SOUTHWEST,1.7,TOTAL,IA,"CORN, GRAIN - YIELD, MEASURED IN BU / ACRE",GRAIN,19,NOT SPECIFIED,CROPS,ADAMS,70,173.3,9000,YIELD,IOWA,ALL CLASSES,ALL PRODUCTION PRACTICES,003,2024-02-23 15:00:00.000,003,BU / ACRE,CORN,SURVEY,,UNITED STATES
ANNUAL,2020,,COUNTY,00,YEAR,FIELD CROPS,,,"IOWA, SOUTHWEST, CASS",00,19,00000000,,SOUTHWEST,2.9,TOTAL,IA,"CORN, GRAIN - YIELD, MEASURED IN BU / ACRE",GRAIN,19,NOT SPECIFIED,CROPS,CASS,70,177.5,9000,YIELD,IOWA,ALL CLASSES,ALL PRODUCTION PRACTICES,029,2024-02-23 15:00:00.000,029,BU / ACRE,CORN,SURVEY,,UNITED STATES
ANNUAL,2020,,COUNTY,00,YEAR,FIELD CROPS,,,"IOWA, SOUTHWEST, FREMONT",00,19,00000000,,SOUTHWEST,2.2,TOTAL,IA,"CORN, GRAIN - YIELD, MEASURED IN BU / ACRE",GRAIN,19,NOT SPECIFIED,CROPS,FREMONT,70,194.8,9000,YIELD,IOWA,ALL CLASSES,ALL PRODUCTION PRACTICES,071,2024-02-23 15:00:00.000,071,BU / ACRE,CORN,SURVEY,,UNITED STATES
ANNUAL,2020,,COUNTY,00,YEAR,FIELD CROPS,,,"IOWA, SOUTHWEST, MILLS",00,19,00000000,,SOUTHWEST,4.0,TOTAL,IA,"CORN, GRAIN - YIELD, MEASURED IN BU / ACRE",GRAIN,19,NOT SPECIFIED,CROPS,MILLS,70,182.2,9000,YIELD,IOWA,ALL CLASSES,ALL PRODUCTION PRACTICES,129,2024-02-23 15:00:00.000,129,BU / ACRE,CORN,SURVEY,,UNITED STATES
ANNUAL,2020,,COUNTY,00,YEAR,FIELD CROPS,,,"IOWA, SOUTHWEST, MONTGOMERY",00,19,00000000,,SOUTHWEST,2.5,TOTAL,IA,"CORN, GRAIN - YIELD, MEASURED IN BU / ACRE",GRAIN,19,NOT SPECIFIED,CROPS,MONTGOMERY,70,184.6,9000,YIELD,IOWA,ALL CLASSES,ALL PRODUCTION PRACTICES,137,2024-02-23 15:00:00.000,137,BU / ACRE,CORN,SURVEY,,UNITED STATES
ANNUAL,2020,,COUNTY,00,YEAR,FIELD CROPS,,,"IOWA, SOUTHWEST, PAGE",00,19,00000000,,SOUTHWEST,3.2,TOTAL,IA,"CORN, GRAIN - YIELD, MEASURED IN BU / ACRE",GRAIN,19,NOT SPECIFIED,CROPS,PAGE,70,181.6,9000,YIELD,IOWA,ALL CLASSES,ALL PRODUCTION PRACTICES,145,2024-02-23 15:00:00.000,145,BU / ACRE,CORN,SURVEY,,UNITED STATES
ANNUAL,2020,,COUNTY,00,YEAR,FIELD CROPS,,,"IOWA, SOUTHWEST, POTTAWATTAMIE",00,19,00000000,,SOUTHWEST,4.0,TOTAL,IA,"CORN, GRAIN - YIELD, MEASURED IN BU / ACRE",GRAIN,19,NOT SPECIFIED,CROPS,POTTAWATTAMIE,70,176.3,9000,YIELD,IOWA,ALL CLASSES,ALL PRODUCTION PRACTICES,155,2024-02-23 15:00:00.000,155,BU / ACRE,CORN,SURVEY,,UNITED STATES
ANNUAL,2020,,COUNTY,00,YEAR,FIELD CROPS,,,"IOWA, SOUTHWEST, TAYLOR",00,19,00000000,,SOUTHWEST,2.2,TOTAL,IA,"CORN, GRAIN - YIELD, MEASURED IN BU / ACRE",GRAIN,19,NOT SPECIFIED,CROPS,TAYLOR,70,166.2,9000,YIELD,IOWA,ALL CLASSES,ALL PRODUCTION PRACTICES,173,2024-02-23 15:00:00.000,173,BU / ACRE,CORN,SURVEY,,UNITED STATES
ANNUAL,2020,,COUNTY,00,YEAR,FIELD CROPS,,,"IOWA, SOUTH CENTRAL, APPANOOSE",00,19,00000000,,SOUTH CENTRAL,3.1,TOTAL,IA,"CORN, GRAIN - YIELD, MEASURED IN BU / ACRE",GRAIN,19,NOT SPECIFIED,CROPS,APPANOOSE,80,143.6,9000,YIELD,IOWA,ALL CLASSES,ALL PRODUCTION PRACTICES,007,2024-02-23 15:00:00.000,007,BU / ACRE,CORN,SURVEY,,UNITED STATES
ANNUAL,2020,,COUNTY,00,YEAR,FIELD CROPS,,,"IOWA, SOUTH CENTRAL, CLARKE",00,19,00000000,,SOUTH CENTRAL,3.6,TOTAL,IA,"CORN, GRAIN - YIELD, MEASURED IN BU / ACRE",GRAIN,19,NOT SPECIFIED,CROPS,CLARKE,80,155.2,9000,YIELD,IOWA,ALL CLASSES,ALL PRODUCTION PRACTICES,039,2024-02-23 15:00:00.000,039,BU / ACRE,CORN,SURVEY,,UNITED STATES
ANNUAL,2020,,COUNTY,00,YEAR,FIELD CROPS,,,"IOWA, SOUTH CENTRAL, DECATUR",00,19,00000000,,SOUTH CENTRAL,2.9,TOTAL,IA,"CORN, GRAIN - YIELD, MEASURED IN BU / ACRE",GRAIN,19,NOT SPECIFIED,CROPS,DECATUR,80,159.3,9000,YIELD,IOWA,ALL CLASSES,ALL PRODUCTION PRACTICES,053,2024-02-23 15:00:00.000,053,BU / ACRE,CORN,SURVEY,,UNITED STATES
ANNUAL,2020,,COUNTY,00,YEAR,FIELD CROPS,,,"IOWA, SOUTH CENTRAL, LUCAS",00,19,00000000,,SOUTH CENTRAL,2.3,TOTAL,IA,"CORN, GRAIN - YIELD, MEASURED IN BU / ACRE",GRAIN,19,NOT SPECIFIED,CROPS,LUCAS,80,149.2,9000,YIELD,IOWA,ALL CLASSES,ALL PRODUCTION PRACTICES,117,2024-02-23 15:00:00.000,117,BU / ACRE,CORN,SURVEY,,UNITED STATES
ANNUAL,2020,,COUNTY,00,YEAR,FIELD CROPS,,,"IOWA, SOUTH CENTRAL, MADISON",00,19,00000000,,SOUTH CENTRAL,4.6,TOTAL,IA,"CORN, GRAIN - YIELD, MEASURED IN BU / ACRE",GRAIN,19,NOT SPECIFIED,CROPS,MADISON,80,172,9000,YIELD,IOWA,ALL CLASSES,ALL PRODUCTION PRACTICES,121,2024-02-23 15:00:00.000,121,BU / ACRE,CORN,SURVEY,,UNITED STATES
ANNUAL,2020,,COUNTY,00,YEAR,FIELD CROPS,,,"IOWA, SOUTH CENTRAL, MONROE",00,19,00000000,,SOUTH CENTRAL,5.7,TOTAL,IA,"CORN, GRAIN - YIELD, MEASURED IN BU / ACRE",GRAIN,19,NOT SPECIFIED,CROPS,MONROE,80,153.8,9000,YIELD,IOWA,ALL CLASSES,ALL PRODUCTION PRACTICES,135,2024-02-23 15:00:00.000,135,BU / ACRE,CORN,SURVEY,,UNITED STATES
ANNUAL,2020,,COUNTY,00,YEAR,FIELD CROPS,,,"IOWA, SOUTH CENTRAL, RINGGOLD",00,19,00000000,,SOUTH CENTRAL,4.2,TOTAL,IA,"CORN, GRAIN - YIELD, MEASURED IN BU / ACRE",GRAIN,19,NOT SPECIFIED,CROPS,RINGGOLD,80,159.1,9000,YIELD,IOWA,ALL CLASSES,ALL PRODUCTION PRACTICES,159,2024-02-23 15:00:00.000,159,BU / ACRE,CORN,SURVEY,,UNITED STATES
ANNUAL,2020,,COUNTY,00,YEAR,FIELD CROPS,,,"IOWA, SOUTH CENTRAL, UNION",00,19,00000000,,SOUTH CENTRAL,2.1,TOTAL,IA,"CORN, GRAIN - YIELD, MEASURED IN BU / ACRE",GRAIN,19,NOT SPECIFIED,CROPS,UNION,80,179.7,9000,YIELD,IOWA,ALL CLASSES,ALL PRODUCTION PRACTICES,175,2024-02-23 15:00:00.000,175,BU / ACRE,CORN,SURVEY,,UNITED STATES
ANNUAL,2020,,COUNTY,00,YEAR,FIELD CROPS,,,"IOWA, SOUTH CENTRAL, WARREN",00,19,00000000,,SOUTH CENTRAL,4.4,TOTAL,IA,"CORN, GRAIN - YIELD, MEASURED IN BU / ACRE",GRAIN,19,NOT SPECIFIED,CROPS,WARREN,80,168,9000,YIELD,IOWA,ALL CLASSES,ALL PRODUCTION PRACTICES,181,2024-02-23 15:00:00.000,181,BU / ACRE,CORN,SURVEY,,UNITED STATES
ANNUAL,2020,,COUNTY,00,YEAR,FIELD CROPS,,,"IOWA, SOUTH CENTRAL, WAYNE",00,19,00000000,,SOUTH CENTRAL,2.7,TOTAL,IA,"CORN, GRAIN - YIELD, MEASURED IN BU / ACRE",GRAIN,19,NOT SPECIFIED,CROPS,WAYNE,80,168.8,9000,YIELD,IOWA,ALL CLASSES,ALL PRODUCTION PRACTICES,185,2024-02-23 15:00:00.000,185,BU / ACRE,CORN,SURVEY,,UNITED STATES
ANNUAL,2020,,COUNTY,00,YEAR,FIELD CROPS,,,"IOWA, SOUTHEAST, DAVIS",00,19,00000000,,SOUTHEAST,1.5,TOTAL,IA,"CORN, GRAIN - YIELD, MEASURED IN BU / ACRE",GRAIN,19,NOT SPECIFIED,CROPS,DAVIS,90,170,9000,YIELD,IOWA,ALL CLASSES,ALL PRODUCTION PRACTICES,051,2024-02-23 15:00:00.000,051,BU / ACRE,CORN,SURVEY,,UNITED STATES
ANNUAL,2020,,COUNTY,00,YEAR,FIELD CROPS,,,"IOWA, SOUTHEAST, DES MOINES",00,19,00000000,,SOUTHEAST,2.6,TOTAL,IA,"CORN, GRAIN - YIELD, MEASURED IN BU / ACRE",GRAIN,19,NOT SPECIFIED,CROPS,DES MOINES,90,190.2,9000,YIELD,IOWA,ALL CLASSES,ALL PRODUCTION PRACTICES,057,2024-02-23 15:00:00.000,057,BU / ACRE,CORN,SURVEY,,UNITED STATES
ANNUAL,2020,,COUNTY,00,YEAR,FIELD CROPS,,,"IOWA, SOUTHEAST, HENRY",00,19,00000000,,SOUTHEAST,2.5,TOTAL,IA,"CORN, GRAIN - YIELD, MEASURED IN BU / ACRE",GRAIN,19,NOT SPECIFIED,CROPS,HENRY,90,172,9000,YIELD,IOWA,ALL CLASSES,ALL PRODUCTION PRACTICES,087,2024-02-23 15:00:00.000,087,BU / ACRE,CORN,SURVEY,,UNITED STATES
ANNUAL,2020,,COUNTY,00,YEAR,FIELD CROPS,,,"IOWA, SOUTHEAST, JEFFERSON",00,19,00000000,,SOUTHEAST,2.3,TOTAL,IA,"CORN, GRAIN - YIELD, MEASURED IN BU / ACRE",GRAIN,19,NOT SPECIFIED,CROPS,JEFFERSON,90,167.3,9000,YIELD,IOWA,ALL CLASSES,ALL PRODUCTION PRACTICES,101,2024-02-23 15:00:00.000,101,BU / ACRE,CORN,SURVEY,,UNITED STATES
ANNUAL,2020,,COUNTY,00,YEAR,FIELD CROPS,,,"IOWA, SOUTHEAST, KEOKUK",00,19,00000000,,SOUTHEAST,2.0,TOTAL,IA,"CORN, GRAIN - YIELD, MEASURED IN BU / ACRE",GRAIN,19,NOT SPECIFIED,CROPS,KEOKUK,90,163.5,9000,YIELD,IOWA,ALL CLASSES,ALL PRODUCTION PRACTICES,107,2024-02-23 15:00:00.000,107,BU / ACRE,CORN,SURVEY,,UNITED STATES
ANNUAL,2020,,COUNTY,00,YEAR,FIELD CROPS,,,"IOWA, SOUTHEAST, LEE",00,19,00000000,,SOUTHEAST,2.1,TOTAL,IA,"CORN, GRAIN - YIELD, MEASURED IN BU / ACRE",GRAIN,19,NOT SPECIFIED,CROPS,LEE,90,174.3,9000,YIELD,IOWA,ALL CLASSES,ALL PRODUCTION PRACTICES,111,2024-02-23 15:00:00.000,111,BU / ACRE,CORN,SURVEY,,UNITED STATES
ANNUAL,2020,,COUNTY,00,YEAR,FIELD CROPS,,,"IOWA, SOUTHEAST, LOUISA",00,19,00000000,,SOUTHEAST,3.3,TOTAL,IA,"CORN, GRAIN - YIELD, MEASURED IN BU / ACRE",GRAIN,19,NOT SPECIFIED,CROPS,LOUISA,90,181.6,9000,YIELD,IOWA,ALL CLASSES,ALL PRODUCTION PRACTICES,115,2024-02-23 15:00:00.000,115,BU / ACRE,CORN,SURVEY,,UNITED STATES
ANNUAL,2020,,COUNTY,00,YEAR,FIELD CROPS,,,"IOWA, SOUTHEAST, MAHASKA",00,19,00000000,,SOUTHEAST,2.5,TOTAL,IA,"CORN, GRAIN - YIELD, MEASURED IN BU / ACRE",GRAIN,19,NOT SPECIFIED,CROPS,MAHASKA,90,180.8,9000,YIELD,IOWA,ALL CLASSES,ALL PRODUCTION PRACTICES,123,2024-02-23 15:00:00.000,123,BU / ACRE,CORN,SURVEY,,UNITED STATES
ANNUAL,2020,,COUNTY,00,YEAR,FIELD CROPS,,,"IOWA, SOUTHEAST, VAN BUREN",00,19,00000000,,SOUTHEAST,2.6,TOTAL,IA,"CORN, GRAIN - YIELD, MEASURED IN BU / ACRE",GRAIN,19,NOT SPECIFIED,CROPS,VAN BUREN,90,153.5,9000,YIELD,IOWA,ALL CLASSES,ALL PRODUCTION PRACTICES,177,2024-02-23 15:00:00.000,177,BU / ACRE,CORN,SURVEY,,UNITED STATES
ANNUAL,2020,,COUNTY,00,YEAR,FIELD CROPS,,,"IOWA, SOUTHEAST, WAPELLO",00,19,00000000,,SOUTHEAST,2.1,TOTAL,IA,"CORN, GRAIN - YIELD, MEASURED IN BU / ACRE",GRAIN,19,NOT SPECIFIED,CROPS,WAPELLO,90,170.6,9000,YIELD,IOWA,ALL CLASSES,ALL PRODUCTION PRACTICES,179,2024-02-23 15:00:00.000,179,BU / ACRE,CORN,SURVEY,,UNITED STATES
ANNUAL,2020,,COUNTY,00,YEAR,FIELD CROPS,,,"IOWA, SOUTHEAST, WASHINGTON",00,19,00000000,,SOUTHEAST,3.2,TOTAL,IA,"CORN, GRAIN - YIELD, MEASURED IN BU / ACRE",GRAIN,19,NOT SPECIFIED,CROPS,WASHINGTON,90,185.4,9000,YIELD,IOWA,ALL CLASSES,ALL PRODUCTION PRACTICES,183,2024-02-23 15:00:00.000,183,BU / ACRE,CORN,SURVEY,,UNITED STATES
ANNUAL,2020,,COUNTY,00,YEAR,FIELD CROPS,,,"IOWA, OTHER COUNTIES",00,19,00000000,,,1.7,TOTAL,IA,"CORN, GRAIN - YIELD, MEASURED IN BU / ACRE",GRAIN,19,NOT SPECIFIED,CROPS,OTHER COUNTIES,99,175.4,9000,YIELD,IOWA,ALL CLASSES,ALL PRODUCTION PRACTICES,998,2024-02-23 15:00:00.000,,BU / ACRE,CORN,SURVEY,,UNITED STATES
ANNUAL,2020,,COUNTY,00,YEAR,FIELD CROPS,,,"IOWA, NORTHWEST, CHEROKEE",00,19,00000000,,NORTHWEST,2.2,TOTAL,IA,"CORN, SILAGE - YIELD, MEASURED IN TONS / ACRE",SILAGE,19,NOT SPECIFIED,CROPS,CHEROKEE,10,21,9000,YIELD,IOWA,ALL CLASSES,ALL PRODUCTION PRACTICES,035,2024-02-23 15:00:00.000,035,TONS / ACRE,CORN,SURVEY,,UNITED STATES
ANNUAL,2020,,COUNTY,00,YEAR,FIELD CROPS,,,"IOWA, NORTHWEST, CLAY",00,19,00000000,,NORTHWEST,12.3,TOTAL,IA,"CORN, SILAGE - YIELD, MEASURED IN TONS / ACRE",SILAGE,19,NOT SPECIFIED,CROPS,CLAY,10,20,9000,YIELD,IOWA,ALL CLASSES,ALL PRODUCTION PRACTICES,041,2024-02-23 15:00:00.000,041,TONS / ACRE,CORN,SURVEY,,UNITED STATES
ANNUAL,2020,,COUNTY,00,YEAR,FIELD CROPS,,,"IOWA, NORTHWEST, EMMET",00,19,00000000,,NORTHWEST,12.5,TOTAL,IA,"CORN, SILAGE - YIELD, MEASURED IN TONS / ACRE",SILAGE,19,NOT SPECIFIED,CROPS,EMMET,10,18.5,9000,YIELD,IOWA,ALL CLASSES,ALL PRODUCTION PRACTICES,063,2024-02-23 15:00:00.000,063,TONS / ACRE,CORN,SURVEY,,UNITED STATES
ANNUAL,2020,,COUNTY,00,YEAR,FIELD CROPS,,,"IOWA, NORTHWEST, LYON",00,19,00000000,,NORTHWEST,3.3,TOTAL,IA,"CORN, SILAGE - YIELD, MEASURED IN TONS / ACRE",SILAGE,19,NOT SPECIFIED,CROPS,LYON,10,22,9000,YIELD,IOWA,ALL CLASSES,ALL PRODUCTION PRACTICES,119,2024-02-23 15:00:00.000,119,TONS / ACRE,CORN,SURVEY,,UNITED STATES
ANNUAL,2020,,COUNTY,00,YEAR,FIELD CROPS,,,"IOWA, NORTHWEST, O BRIEN",00,19,00000000,,NORTHWEST,5.7,TOTAL,IA,"CORN, SILAGE - YIELD, MEASURED IN TONS / ACRE",SILAGE,19,NOT SPECIFIED,CROPS,O BRIEN,10,21.5,9000,YIELD,IOWA,ALL CLASSES,ALL PRODUCTION PRACTICES,141,2024-02-23 15:00:00.000,141,TONS / ACRE,CORN,SURVEY,,UNITED STATES
ANNUAL,2020,,COUNTY,00,YEAR,FIELD CROPS,,,"IOWA, NORTHWEST, PALO ALTO",00,19,00000000,,NORTHWEST,12.9,TOTAL,IA,"CORN, SILAGE - YIELD, MEASURED IN TONS / ACRE",SILAGE,19,NOT SPECIFIED,CROPS,PALO ALTO,10,19.5,9000,YIELD,IOWA,ALL CLASSES,ALL PRODUCTION PRACTICES,147,2024-02-23 15:00:00.000,147,TONS / ACRE,CORN,SURVEY,,UNITED STATES
ANNUAL,2020,,COUNTY,00,YEAR,FIELD CROPS,,,"IOWA, NORTHWEST, POCAHONTAS",00,19,00000000,,NORTHWEST,8.8,TOTAL,IA,"CORN, SILAGE - YIELD, MEASURED IN TONS / ACRE",SILAGE,19,NOT SPECIFIED,CROPS,POCAHONTAS,10,21.5,9000,YIELD,IOWA,ALL CLASSES,ALL PRODUCTION PRACTICES,151,2024-02-23 15:00:00.000,151,TONS / ACRE,CORN,SURVEY,,UNITED STATES
ANNUAL,2020,,COUNTY,00,YEAR,FIELD CROPS,,,"IOWA, NORTHWEST, SIOUX",00,19,00000000,,NORTHWEST,3.4,TOTAL,IA,"CORN, SILAGE - YIELD, MEASURED IN TONS / ACRE",SILAGE,19,NOT SPECIFIED,CROPS,SIOUX,10,22.5,9000,YIELD,IOWA,ALL CLASSES,ALL PRODUCTION PRACTICES,167,2024-02-23 15:00:00.000,167,TONS / ACRE,CORN,SURVEY,,UNITED STATES
ANNUAL,2020,,COUNTY,00,YEAR,FIELD CROPS,,,"IOWA, NORTH CENTRAL, BUTLER",00,19,00000000,,NORTH CENTRAL,8.4,TOTAL,IA,"CORN, SILAGE - YIELD, MEASURED IN TONS / ACRE",SILAGE,19,NOT SPECIFIED,CROPS,BUTLER,20,17,9000,YIELD,IOWA,ALL CLASSES,ALL PRODUCTION PRACTICES,023,2024-02-23 15:00:00.000,023,TONS / ACRE,CORN,SURVEY,,UNITED STATES
ANNUAL,2020,,COUNTY,00,YEAR,FIELD CROPS,,,"IOWA, NORTH CENTRAL, CERRO GORDO",00,19,00000000,,NORTH CENTRAL,5.0,TOTAL,IA,"CORN, SILAGE - YIELD, MEASURED IN TONS / ACRE",SILAGE,19,NOT SPECIFIED,CROPS,CERRO GORDO,20,22.5,9000,YIELD,IOWA,ALL CLASSES,ALL PRODUCTION PRACTICES,033,2024-02-23 15:00:00.000,033,TONS / ACRE,CORN,SURVEY,,UNITED STATES
ANNUAL,2020,,COUNTY,00,YEAR,FIELD CROPS,,,"IOWA, NORTH CENTRAL, FLOYD",00,19,00000000,,NORTH CENTRAL,4.9,TOTAL,IA,"CORN, SILAGE - YIELD, MEASURED IN TONS / ACRE",SILAGE,19,NOT SPECIFIED,CROPS,FLOYD,20,19.5,9000,YIELD,IOWA,ALL CLASSES,ALL PRODUCTION PRACTICES,067,2024-02-23 15:00:00.000,067,TONS / ACRE,CORN,SURVEY,,UNITED STATES
ANNUAL,2020,,COUNTY,00,YEAR,FIELD CROPS,,,"IOWA, NORTH CENTRAL, HUMBOLDT",00,19,00000000,,NORTH CENTRAL,4.4,TOTAL,IA,"CORN, SILAGE - YIELD, MEASURED IN TONS / ACRE",SILAGE,19,NOT SPECIFIED,CROPS,HUMBOLDT,20,20.5,9000,YIELD,IOWA,ALL CLASSES,ALL PRODUCTION PRACTICES,091,2024-02-23 15:00:00.000,091,TONS / ACRE,CORN,SURVEY,,UNITED STATES
ANNUAL,2020,,COUNTY,00,YEAR,FIELD CROPS,,,"IOWA, NORTH CENTRAL, KOSSUTH",00,19,00000000,,NORTH CENTRAL,5.3,TOTAL,IA,"CORN, SILAGE - YIELD, MEASURED IN TONS / ACRE",SILAGE,19,NOT SPECIFIED,CROPS,KOSSUTH,20,21.5,9000,YIELD,IOWA,ALL CLASSES,ALL PRODUCTION PRACTICES,109,2024-02-23 15:00:00.000,109,TONS / ACRE,CORN,SURVEY,,UNITED STATES
ANNUAL,2020,,COUNTY,00,YEAR,FIELD CROPS,,,"IOWA, NORTH CENTRAL, MITCHELL",00,19,00000000,,NORTH CENTRAL,11.6,TOTAL,IA,"CORN, SILAGE - YIELD, MEASURED IN TONS / ACRE",SILAGE,19,NOT SPECIFIED,CROPS,MITCHELL,20,20.5,9000,YIELD,IOWA,ALL CLASSES,ALL PRODUCTION PRACTICES,131,2024-02-23 15:00:00.000,131,TONS / ACRE,CORN,SURVEY,,UNITED STATES
ANNUAL,2020,,COUNTY,00,YEAR,FIELD CROPS,,,"IOWA, NORTH CENTRAL, WORTH",00,19,00000000,,NORTH CENTRAL,11.2,TOTAL,IA,"CORN, SILAGE - YIELD, MEASURED IN TONS / ACRE",SILAGE,19,NOT SPECIFIED,CROPS,WORTH,20,20,9000,YIELD,IOWA,ALL CLASSES,ALL PRODUCTION PRACTICES,195,2024-02-23 15:00:00.000,195,TONS / ACRE,CORN,SURVEY,,UNITED STATES
ANNUAL,2020,,COUNTY,00,YEAR,FIELD CROPS,,,"IOWA, NORTHEAST, ALLAMAKEE",00,19,00000000,,NORTHEAST,6.6,TOTAL,IA,"CORN, SILAGE - YIELD, MEASURED IN TONS / ACRE",SILAGE,19,NOT SPECIFIED,CROPS,ALLAMAKEE,30,22,9000,YIELD,IOWA,ALL CLASSES,ALL PRODUCTION PRACTICES,005,2024-02-23 15:00:00.000,005,TONS / ACRE,CORN,SURVEY,,UNITED STATES
ANNUAL,2020,,COUNTY,00,YEAR,FIELD CROPS,,,"IOWA, NORTHEAST, BLACK HAWK",00,19,00000000,,NORTHEAST,13.1,TOTAL,IA,"CORN, SILAGE - YIELD, MEASURED IN TONS / ACRE",SILAGE,19,NOT SPECIFIED,CROPS,BLACK HAWK,30,13.5,9000,YIELD,IOWA,ALL CLASSES,ALL PRODUCTION PRACTICES,013,2024-02-23 15:00:00.000,013,TONS / ACRE,CORN,SURVEY,,UNITED STATES
ANNUAL,2020,,COUNTY,00,YEAR,FIELD CROPS,,,"IOWA, NORTHEAST, BREMER",00,19,00000000,,NORTHEAST,9.2,TOTAL,IA,"CORN, SILAGE - YIELD, MEASURED IN TONS / ACRE",SILAGE,19,NOT SPECIFIED,CROPS,BREMER,30,20.5,9000,YIELD,IOWA,ALL CLASSES,ALL PRODUCTION PRACTICES,017,2024-02-23 15:00:00.000,017,TONS / ACRE,CORN,SURVEY,,UNITED STATES
ANNUAL,2020,,COUNTY,00,YEAR,FIELD CROPS,,,"IOWA, NORTHEAST, BUCHANAN",00,19,00000000,,NORTHEAST,8.9,TOTAL,IA,"CORN, SILAGE - YIELD, MEASURED IN TONS / ACRE",SILAGE,19,NOT SPECIFIED,CROPS,BUCHANAN,30,20,9000,YIELD,IOWA,ALL CLASSES,ALL PRODUCTION PRACTICES,019,2024-02-23 15:00:00.000,019,TONS / ACRE,CORN,SURVEY,,UNITED STATES
ANNUAL,2020,,COUNTY,00,YEAR,FIELD CROPS,,,"IOWA, NORTHEAST, CHICKASAW",00,19,00000000,,NORTHEAST,13.0,TOTAL,IA,"CORN, SILAGE - YIELD, MEASURED IN TONS / ACRE",SILAGE,19,NOT SPECIFIED,CROPS,CHICKASAW,30,18,9000,YIELD,IOWA,ALL CLASSES,ALL PRODUCTION PRACTICES,037,2024-02-23 15:00:00.000,037,TONS / ACRE,CORN,SURVEY,,UNITED STATES
ANNUAL,2020,,COUNTY,00,YEAR,FIELD CROPS,,,"IOWA, NORTHEAST, CLAYTON",00,19,00000000,,NORTHEAST,4.3,TOTAL,IA,"CORN, SILAGE - YIELD, MEASURED IN TONS / ACRE",SILAGE,19,NOT SPECIFIED,CROPS,CLAYTON,30,23.5,9000,YIELD,IOWA,ALL CLASSES,ALL PRODUCTION PRACTICES,043,2024-02-23 15:00:00.000,043,TONS / ACRE,CORN,SURVEY,,UNITED STATES
ANNUAL,2020,,COUNTY,00,YEAR,FIELD CROPS,,,"IOWA, NORTHEAST, DELAWARE",00,19,00000000,,NORTHEAST,6.0,TOTAL,IA,"CORN, SILAGE - YIELD, MEASURED IN TONS / ACRE",SILAGE,19,NOT SPECIFIED,CROPS,DELAWARE,30,22.5,9000,YIELD,IOWA,ALL CLASSES,ALL PRODUCTION PRACTICES,055,2024-02-23 15:00:00.000,055,TONS / ACRE,CORN,SURVEY,,UNITED STATES
ANNUAL,2020,,COUNTY,00,YEAR,FIELD CROPS,,,"IOWA, NORTHEAST, DUBUQUE",00,19,00000000,,NORTHEAST,6.2,TOTAL,IA,"CORN, SILAGE - YIELD, MEASURED IN TONS / ACRE",SILAGE,19,NOT SPECIFIED,CROPS,DUBUQUE,30,22,9000,YIELD,IOWA,ALL CLASSES,ALL PRODUCTION PRACTICES,061,2024-02-23 15:00:00.000,061,TONS / ACRE,CORN,SURVEY,,UNITED STATES
ANNUAL,2020,,COUNTY,00,YEAR,FIELD CROPS,,,"IOWA, NORTHEAST, FAYETTE",00,19,00000000,,NORTHEAST,6.2,TOTAL,IA,"CORN, SILAGE - YIELD, MEASURED IN TONS / ACRE",SILAGE,19,NOT SPECIFIED,CROPS,FAYETTE,30,21.5,9000,YIELD,IOWA,ALL CLASSES,ALL PRODUCTION PRACTICES,065,2024-02-23 15:00:00.000,065,TONS / ACRE,CORN,SURVEY,,UNITED STATES
ANNUAL,2020,,COUNTY,00,YEAR,FIELD CROPS,,,"IOWA, NORTHEAST, HOWARD",00,19,00000000,,NORTHEAST,6.6,TOTAL,IA,"CORN, SILAGE - YIELD, MEASURED IN TONS / ACRE",SILAGE,19,NOT SPECIFIED,CROPS,HOWARD,30,22,9000,YIELD,IOWA,ALL CLASSES,ALL PRODUCTION PRACTICES,089,2024-02-23 15:00:00.000,089,TONS / ACRE,CORN,SURVEY,,UNITED STATES
ANNUAL,2020,,COUNTY,00,YEAR,FIELD CROPS,,,"IOWA, NORTHEAST, WINNESHIEK",00,19,00000000,,NORTHEAST,4.7,TOTAL,IA,"CORN, SILAGE - YIELD, MEASURED IN TONS / ACRE",SILAGE,19,NOT SPECIFIED,CROPS,WINNESHIEK,30,20,9000,YIELD,IOWA,ALL CLASSES,ALL PRODUCTION PRACTICES,191,2024-02-23 15:00:00.000,191,TONS / ACRE,CORN,SURVEY,,UNITED STATES
ANNUAL,2020,,COUNTY,00,YEAR,FIELD CROPS,,,"IOWA, WEST CENTRAL, AUDUBON",00,19,00000000,,WEST CENTRAL,9.7,TOTAL,IA,"CORN, SILAGE - YIELD, MEASURED IN TONS / ACRE",SILAGE,19,NOT SPECIFIED,CROPS,AUDUBON,40,17,9000,YIELD,IOWA,ALL CLASSES,ALL PRODUCTION PRACTICES,009,2024-02-23 15:00:00.000,009,TONS / ACRE,CORN,SURVEY,,UNITED STATES
ANNUAL,2020,,COUNTY,00,YEAR,FIELD CROPS,,,"IOWA, WEST CENTRAL, CALHOUN",00,19,00000000,,WEST CENTRAL,3.2,TOTAL,IA,"CORN, SILAGE - YIELD, MEASURED IN TONS / ACRE",SILAGE,19,NOT SPECIFIED,CROPS,CALHOUN,40,19,9000,YIELD,IOWA,ALL CLASSES,ALL PRODUCTION PRACTICES,025,2024-02-23 15:00:00.000,025,TONS / ACRE,CORN,SURVEY,,UNITED STATES
ANNUAL,2020,,COUNTY,00,YEAR,FIELD CROPS,,,"IOWA, WEST CENTRAL, GREENE",00,19,00000000,,WEST CENTRAL,11.3,TOTAL,IA,"CORN, SILAGE - YIELD, MEASURED IN TONS / ACRE",SILAGE,19,NOT SPECIFIED,CROPS,GREENE,40,18.5,9000,YIELD,IOWA,ALL CLASSES,ALL PRODUCTION PRACTICES,073,2024-02-23 15:00:00.000,073,TONS / ACRE,CORN,SURVEY,,UNITED STATES
ANNUAL,2020,,COUNTY,00,YEAR,FIELD CROPS,,,"IOWA, WEST CENTRAL, HARRISON",00,19,00000000,,WEST CENTRAL,11.5,TOTAL,IA,"CORN, SILAGE - YIELD, MEASURED IN TONS / ACRE",SILAGE,19,NOT SPECIFIED,CROPS,HARRISON,40,19,9000,YIELD,IOWA,ALL CLASSES,ALL PRODUCTION PRACTICES,085,2024-02-23 15:00:00.000,085,TONS / ACRE,CORN,SURVEY,,UNITED STATES
ANNUAL,2020,,COUNTY,00,YEAR,FIELD CROPS,,,"IOWA, WEST CENTRAL, MONONA",00,19,00000000,,WEST CENTRAL,8.6,TOTAL,IA,"CORN, SILAGE - YIELD, MEASURED IN TONS / ACRE",SILAGE,19,NOT SPECIFIED,CROPS,MONONA,40,18,9000,YIELD,IOWA,ALL CLASSES,ALL PRODUCTION PRACTICES,133,2024-02-23 15:00:00.000,133,TONS / ACRE,CORN,SURVEY,,UNITED STATES
ANNUAL,2020,,COUNTY,00,YEAR,FIELD CROPS,,,"IOWA, CENTRAL, HARDIN",00,19,00000000,,CENTRAL,8.1,TOTAL,IA,"CORN, SILAGE - YIELD, MEASURED IN TONS / ACRE",SILAGE,19,NOT SPECIFIED,CROPS,HARDIN,50,20.5,9000,YIELD,IOWA,ALL CLASSES,ALL PRODUCTION PRACTICES,083,2024-02-23 15:00:00.000,083,TONS / ACRE,CORN,SURVEY,,UNITED STATES
ANNUAL,2020,,COUNTY,00,YEAR,FIELD CROPS,,,"IOWA, CENTRAL, MARSHALL",00,19,00000000,,CENTRAL,5.1,TOTAL,IA,"CORN, SILAGE - YIELD, MEASURED IN TONS / ACRE",SILAGE,19,NOT SPECIFIED,CROPS,MARSHALL,50,14.5,9000,YIELD,IOWA,ALL CLASSES,ALL PRODUCTION PRACTICES,127,2024-02-23 15:00:00.000,127,TONS / ACRE,CORN,SURVEY,,UNITED STATES
ANNUAL,2020,,COUNTY,00,YEAR,FIELD CROPS,,,"IOWA, CENTRAL, POWESHIEK",00,19,00000000,,CENTRAL,9.3,TOTAL,IA,"CORN, SILAGE - YIELD, MEASURED IN TONS / ACRE",SILAGE,19,NOT SPECIFIED,CROPS,POWESHIEK,50,18,9000,YIELD,IOWA,ALL CLASSES,ALL PRODUCTION PRACTICES,157,2024-02-23 15:00:00.000,157,TONS / ACRE,CORN,SURVEY,,UNITED STATES
ANNUAL,2020,,COUNTY,00,YEAR,FIELD CROPS,,,"IOWA, CENTRAL, TAMA",00,19,00000000,,CENTRAL,4.4,TOTAL,IA,"CORN, SILAGE - YIELD, MEASURED IN TONS / ACRE",SILAGE,19,NOT SPECIFIED,CROPS,TAMA,50,14.5,9000,YIELD,IOWA,ALL CLASSES,ALL PRODUCTION PRACTICES,171,2024-02-23 15:00:00.000,171,TONS / ACRE,CORN,SURVEY,,UNITED STATES
ANNUAL,2020,,COUNTY,00,YEAR,FIELD CROPS,,,"IOWA, CENTRAL, WEBSTER",00,19,00000000,,CENTRAL,5.0,TOTAL,IA,"CORN, SILAGE - YIELD, MEASURED IN TONS / ACRE",SILAGE,19,NOT SPECIFIED,CROPS,WEBSTER,50,18.5,9000,YIELD,IOWA,ALL CLASSES,ALL PRODUCTION PRACTICES,187,2024-02-23 15:00:00.000,187,TONS / ACRE,CORN,SURVEY,,UNITED STATES
ANNUAL,2020,,COUNTY,00,YEAR,FIELD CROPS,,,"IOWA, EAST CENTRAL, BENTON",00,19,00000000,,EAST CENTRAL,5.8,TOTAL,IA,"CORN, SILAGE - YIELD, MEASURED IN TONS / ACRE",SILAGE,19,NOT SPECIFIED,CROPS,BENTON,60,17.5,9000,YIELD,IOWA,ALL CLASSES,ALL PRODUCTION PRACTICES,011,2024-02-23 15:00:00.000,011,TONS / ACRE,CORN,SURVEY,,UNITED STATES
ANNUAL,2020,,COUNTY,00,YEAR,FIELD CROPS,,,"IOWA, EAST CENTRAL, CLINTON",00,19,00000000,,EAST CENTRAL,9.5,TOTAL,IA,"CORN, SILAGE - YIELD, MEASURED IN TONS / ACRE",SILAGE,19,NOT SPECIFIED,CROPS,CLINTON,60,19,9000,YIELD,IOWA,ALL CLASSES,ALL PRODUCTION PRACTICES,045,2024-02-23 15:00:00.000,045,TONS / ACRE,CORN,SURVEY,,UNITED STATES
ANNUAL,2020,,COUNTY,00,YEAR,FIELD CROPS,,,"IOWA, EAST CENTRAL, JACKSON",00,19,00000000,,EAST CENTRAL,6.2,TOTAL,IA,"CORN, SILAGE - YIELD, MEASURED IN TONS / ACRE",SILAGE,19,NOT SPECIFIED,CROPS,JACKSON,60,18,9000,YIELD,IOWA,ALL CLASSES,ALL PRODUCTION PRACTICES,097,2024-02-23 15:00:00.000,097,TONS / ACRE,CORN,SURVEY,,UNITED STATES
ANNUAL,2020,,COUNTY,00,YEAR,FIELD CROPS,,,"IOWA, EAST CENTRAL, JOHNSON",00,19,00000000,,EAST CENTRAL,9.1,TOTAL,IA,"CORN, SILAGE - YIELD, MEASURED IN TONS / ACRE",SILAGE,19,NOT SPECIFIED,CROPS,JOHNSON,60,15.5,9000,YIELD,IOWA,ALL CLASSES,ALL PRODUCTION PRACTICES,103,2024-02-23 15:00:00.000,103,TONS / ACRE,CORN,SURVEY,,UNITED STATES
ANNUAL,2020,,COUNTY,00,YEAR,FIELD CROPS,,,"IOWA, EAST CENTRAL, JONES",00,19,00000000,,EAST CENTRAL,7.5,TOTAL,IA,"CORN, SILAGE - YIELD, MEASURED IN TONS / ACRE",SILAGE,19,NOT SPECIFIED,CROPS,JONES,60,17.5,9000,YIELD,IOWA,ALL CLASSES,ALL PRODUCTION PRACTICES,105,2024-02-23 15:00:00.000,105,TONS / ACRE,CORN,SURVEY,,UNITED STATES
ANNUAL,2020,,COUNTY,00,YEAR,FIELD CROPS,,,"IOWA, EAST CENTRAL, SCOTT",00,19,00000000,,EAST CENTRAL,1.6,TOTAL,IA,"CORN, SILAGE - YIELD, MEASURED IN TONS / ACRE",SILAGE,19,NOT SPECIFIED,CROPS,SCOTT,60,15,9000,YIELD,IOWA,ALL CLASSES,ALL PRODUCTION PRACTICES,163,2024-02-23 15:00:00.000,163,TONS / ACRE,CORN,SURVEY,,UNITED STATES
ANNUAL,2020,,COUNTY,00,YEAR,FIELD CROPS,,,"IOWA, SOUTHWEST, ADAIR",00,19,00000000,,SOUTHWEST,13.0,TOTAL,IA,"CORN, SILAGE - YIELD, MEASURED IN TONS / ACRE",SILAGE,19,NOT SPECIFIED,CROPS,ADAIR,70,19,9000,YIELD,IOWA,ALL CLASSES,ALL PRODUCTION PRACTICES,001,2024-02-23 15:00:00.000,001,TONS / ACRE,CORN,SURVEY,,UNITED STATES
ANNUAL,2020,,COUNTY,00,YEAR,FIELD CROPS,,,"IOWA, SOUTHWEST, CASS",00,19,00000000,,SOUTHWEST,5.3,TOTAL,IA,"CORN, SILAGE - YIELD, MEASURED IN TONS / ACRE",SILAGE,19,NOT SPECIFIED,CROPS,CASS,70,18.5,9000,YIELD,IOWA,ALL CLASSES,ALL PRODUCTION PRACTICES,029,2024-02-23 15:00:00.000,029,TONS / ACRE,CORN,SURVEY,,UNITED STATES
ANNUAL,2020,,COUNTY,00,YEAR,FIELD CROPS,,,"IOWA, SOUTHWEST, MONTGOMERY",00,19,00000000,,SOUTHWEST,6.1,TOTAL,IA,"CORN, SILAGE - YIELD, MEASURED IN TONS / ACRE",SILAGE,19,NOT SPECIFIED,CROPS,MONTGOMERY,70,16.5,9000,YIELD,IOWA,ALL CLASSES,ALL PRODUCTION PRACTICES,137,2024-02-23 15:00:00.000,137,TONS / ACRE,CORN,SURVEY,,UNITED STATES
ANNUAL,2020,,COUNTY,00,YEAR,FIELD CROPS,,,"IOWA, SOUTHWEST, PAGE",00,19,00000000,,SOUTHWEST,7.2,TOTAL,IA,"CORN, SILAGE - YIELD, MEASURED IN TONS / ACRE",SILAGE,19,NOT SPECIFIED,CROPS,PAGE,70,19.5,9000,YIELD,IOWA,ALL CLASSES,ALL PRODUCTION PRACTICES,145,2024-02-23 15:00:00.000,145,TONS / ACRE,CORN,SURVEY,,UNITED STATES
ANNUAL,2020,,COUNTY,00,YEAR,FIELD CROPS,,,"IOWA, SOUTHWEST, TAYLOR",00,19,00000000,,SOUTHWEST,7.3,TOTAL,IA,"CORN, SILAGE - YIELD, MEASURED IN TONS / ACRE",SILAGE,19,NOT SPECIFIED,CROPS,TAYLOR,70,18.5,9000,YIELD,IOWA,ALL CLASSES,ALL PRODUCTION PRACTICES,173,2024-02-23 15:00:00.000,173,TONS / ACRE,CORN,SURVEY,,UNITED STATES
ANNUAL,2020,,COUNTY,00,YEAR,FIELD CROPS,,,"IOWA, SOUTH CENTRAL, APPANOOSE",00,19,00000000,,SOUTH CENTRAL,14.2,TOTAL,IA,"CORN, SILAGE - YIELD, MEASURED IN TONS / ACRE",SILAGE,19,NOT SPECIFIED,CROPS,APPANOOSE,80,13,9000,YIELD,IOWA,ALL CLASSES,ALL PRODUCTION PRACTICES,007,2024-02-23 15:00:00.000,007,TONS / ACRE,CORN,SURVEY,,UNITED STATES
ANNUAL,2020,,COUNTY,00,YEAR,FIELD CROPS,,,"IOWA, SOUTH CENTRAL, CLARKE",00,19,00000000,,SOUTH CENTRAL,7.3,TOTAL,IA,"CORN, SILAGE - YIELD, MEASURED IN TONS / ACRE",SILAGE,19,NOT SPECIFIED,CROPS,CLARKE,80,18,9000,YIELD,IOWA,ALL CLASSES,ALL PRODUCTION PRACTICES,039,2024-02-23 15:00:00.000,039,TONS / ACRE,CORN,SURVEY,,UNITED STATES
ANNUAL,2020,,COUNTY,00,YEAR,FIELD CROPS,,,"IOWA, SOUTH CENTRAL, DECATUR",00,19,00000000,,SOUTH CENTRAL,12.9,TOTAL,IA,"CORN, SILAGE - YIELD, MEASURED IN TONS / ACRE",SILAGE,19,NOT SPECIFIED,CROPS,DECATUR,80,16.5,9000,YIELD,IOWA,ALL CLASSES,ALL PRODUCTION PRACTICES,053,2024-02-23 15:00:00.000,053,TONS / ACRE,CORN,SURVEY,,UNITED STATES
ANNUAL,2020,,COUNTY,00,YEAR,FIELD CROPS,,,"IOWA, SOUTH CENTRAL, MADISON",00,19,00000000,,SOUTH CENTRAL,8.9,TOTAL,IA,"CORN, SILAGE - YIELD, MEASURED IN TONS / ACRE",SILAGE,19,NOT SPECIFIED,CROPS,MADISON,80,14.5,9000,YIELD,IOWA,ALL CLASSES,ALL PRODUCTION PRACTICES,121,2024-02-23 15:00:00.000,121,TONS / ACRE,CORN,SURVEY,,UNITED STATES
ANNUAL,2020,,COUNTY,00,YEAR,FIELD CROPS,,,"IOWA, SOUTH CENTRAL, MARION",00,19,00000000,,SOUTH CENTRAL,13.2,TOTAL,IA,"CORN, SILAGE - YIELD, MEASURED IN TONS / ACRE",SILAGE,19,NOT SPECIFIED,CROPS,MARION,80,14.5,9000,YIELD,IOWA,ALL CLASSES,ALL PRODUCTION PRACTICES,125,2024-02-23 15:00:00.000,125,TONS / ACRE,CORN,SURVEY,,UNITED STATES
ANNUAL,2020,,COUNTY,00,YEAR,FIELD CROPS,,,"IOWA, SOUTH CENTRAL, MONROE",00,19,00000000,,SOUTH CENTRAL,5.0,TOTAL,IA,"CORN, SILAGE - YIELD, MEASURED IN TONS / ACRE",SILAGE,19,NOT SPECIFIED,CROPS,MONROE,80,15.5,9000,YIELD,IOWA,ALL CLASSES,ALL PRODUCTION PRACTICES,135,2024-02-23 15:00:00.000,135,TONS / ACRE,CORN,SURVEY,,UNITED STATES
ANNUAL,2020,,COUNTY,00,YEAR,FIELD CROPS,,,"IOWA, SOUTH CENTRAL, UNION",00,19,00000000,,SOUTH CENTRAL,15.7,TOTAL,IA,"CORN, SILAGE - YIELD, MEASURED IN TONS / ACRE",SILAGE,19,NOT SPECIFIED,CROPS,UNION,80,15,9000,YIELD,IOWA,ALL CLASSES,ALL PRODUCTION PRACTICES,175,2024-02-23 15:00:00.000,175,TONS / ACRE,CORN,SURVEY,,UNITED STATES
ANNUAL,2020,,COUNTY,00,YEAR,FIELD CROPS,,,"IOWA, SOUTH CENTRAL, WARREN",00,19,00000000,,SOUTH CENTRAL,6.6,TOTAL,IA,"CORN, SILAGE - YIELD, MEASURED IN TONS / ACRE",SILAGE,19,NOT SPECIFIED,CROPS,WARREN,80,15.5,9000,YIELD,IOWA,ALL CLASSES,ALL PRODUCTION PRACTICES,181,2024-02-23 15:00:00.000,181,TONS / ACRE,CORN,SURVEY,,UNITED STATES
ANNUAL,2020,,COUNTY,00,YEAR,FIELD CROPS,,,"IOWA, SOUTHEAST, DES MOINES",00,19,00000000,,SOUTHEAST,7.3,TOTAL,IA,"CORN, SILAGE - YIELD, MEASURED IN TONS / ACRE",SILAGE,19,NOT SPECIFIED,CROPS,DES MOINES,90,19,9000,YIELD,IOWA,ALL CLASSES,ALL PRODUCTION PRACTICES,057,2024-02-23 15:00:00.000,057,TONS / ACRE,CORN,SURVEY,,UNITED STATES
ANNUAL,2020,,COUNTY,00,YEAR,FIELD CROPS,,,"IOWA, SOUTHEAST, HENRY",00,19,00000000,,SOUTHEAST,8.2,TOTAL,IA,"CORN, SILAGE - YIELD, MEASURED IN TONS / ACRE",SILAGE,19,NOT SPECIFIED,CROPS,HENRY,90,18,9000,YIELD,IOWA,ALL CLASSES,ALL PRODUCTION PRACTICES,087,2024-02-23 15:00:00.000,087,TONS / ACRE,CORN,SURVEY,,UNITED STATES
ANNUAL,2020,,COUNTY,00,YEAR,FIELD CROPS,,,"IOWA, SOUTHEAST, KEOKUK",00,19,00000000,,SOUTHEAST,6.7,TOTAL,IA,"CORN, SILAGE - YIELD, MEASURED IN TONS / ACRE",SILAGE,19,NOT SPECIFIED,CROPS,KEOKUK,90,19,9000,YIELD,IOWA,ALL CLASSES,ALL PRODUCTION PRACTICES,107,2024-02-23 15:00:00.000,107,TONS / ACRE,CORN,SURVEY,,UNITED STATES
ANNUAL,2020,,COUNTY,00,YEAR,FIELD CROPS,,,"IOWA, SOUTHEAST, LEE",00,19,00000000,,SOUTHEAST,6.8,TOTAL,IA,"CORN, SILAGE - YIELD, MEASURED IN TONS / ACRE",SILAGE,19,NOT SPECIFIED,CROPS,LEE,90,17.5,9000,YIELD,IOWA,ALL CLASSES,ALL PRODUCTION PRACTICES,111,2024-02-23 15:00:00.000,111,TONS / ACRE,CORN,SURVEY,,UNITED STATES
ANNUAL,2020,,COUNTY,00,YEAR,FIELD CROPS,,,"IOWA, SOUTHEAST, VAN BUREN",00,19,00000000,,SOUTHEAST,7.8,TOTAL,IA,"CORN, SILAGE - YIELD, MEASURED IN TONS / ACRE",SILAGE,19,NOT SPECIFIED,CROPS,VAN BUREN,90,15.5,9000,YIELD,IOWA,ALL CLASSES,ALL PRODUCTION PRACTICES,177,2024-02-23 15:00:00.000,177,TONS / ACRE,CORN,SURVEY,,UNITED STATES
ANNUAL,2020,,COUNTY,00,YEAR,FIELD CROPS,,,"IOWA, SOUTHEAST, WASHINGTON",00,19,00000000,,SOUTHEAST,7.7,TOTAL,IA,"CORN, SILAGE - YIELD, MEASURED IN TONS / ACRE",SILAGE,19,NOT SPECIFIED,CROPS,WASHINGTON,90,17,9000,YIELD,IOWA,ALL CLASSES,ALL PRODUCTION PRACTICES,183,2024-02-23 15:00:00.000,183,TONS / ACRE,CORN,SURVEY,,UNITED STATES
ANNUAL,2020,,COUNTY,00,YEAR,FIELD CROPS,,,"IOWA, OTHER COUNTIES",00,19,00000000,,,1.7,TOTAL,IA,"CORN, SILAGE - YIELD, MEASURED IN TONS / ACRE",SILAGE,19,NOT SPECIFIED,CROPS,OTHER COUNTIES,99,20,9000,YIELD,IOWA,ALL CLASSES,ALL PRODUCTION PRACTICES,998,2024-02-23 15:00:00.000,,TONS / ACRE,CORN,SURVEY,,UNITED STATES
